good,199406
taste,170569
great,166395
coffee,164997
product,150565
flavor,146783
tea,137055
love,127324
food,127240
will,126966
amazon,84396
time,83425
buy,76706
best,76356
price,75487
find,73384
well,71647
better,70473
dog,69414
eat,67447
water,60941
chocolate,59866
bag,57743
sugar,54069
cup,52015
drink,50916
sweet,50868
box,50371
bought,49838
day,47531
tastes,45526
store,44932
order,43763
bit,42841
recommend,42659
nice,41399
delicious,41272
favorite,40160
flavors,39343
mix,38775
free,38305
hot,37789
dogs,37714
brand,37575
cat,37475
stuff,37094
years,36577
loves,36464
treats,36283
lot,35739
healthy,35326
add,35237
ingredients,35074
chips,35004
organic,34317
milk,34128
quality,34126
small,33613
perfect,32875
snack,32627
ordered,32407
strong,32100
pack,32048
bad,31960
eating,31826
products,30939
easy,30773
treat,30614
green,30089
salt,29890
fresh,29824
hard,29815
enjoy,29794
long,29616
bags,29542
oil,29295
definitely,29209
buying,29182
thing,29127
regular,28896
cookies,28660
thought,28599
chicken,28049
high,27780
natural,27627
pretty,27562
work,27484
size,27341
local,27147
happy,27131
cats,26978
people,26404
package,26285
big,26186
going,26074
tasty,25853
diet,25771
shipping,25210
sauce,24777
real,24684
foods,24683
calories,24492
butter,24432
wonderful,24226
highly,23995
feel,23883
oz,23659
bars,23546
purchase,23417
tasted,23337
dry,23268
purchased,23239
excellent,23012
texture,22881
worth,22780
expensive,22331
year,22322
protein,21881
fat,21727
amount,21675
smell,21674
stores,21532
rice,21506
tasting,21255
coconut,21232
dark,21154
morning,20804
grocery,20766
half,20752
low,20608
kind,20551
brands,20546
things,20532
bottle,20460
vanilla,20249
fruit,20143
blend,19754
family,19704
loved,19676
received,19574
full,19537
days,19530
months,19330
problem,19293
cereal,19019
reviews,18946
company,18877
three,18791
case,18772
health,18607
bar,18580
candy,18432
black,18273
money,17930
review,17840
light,17689
flavored,17548
making,17545
drinking,17459
peanut,17333
large,17322
gluten,17204
stars,17135
arrived,17055
times,16829
kids,16828
top,16663
bitter,16652
item,16644
disappointed,16589
variety,16543
husband,16391
http,16306
packaging,16278
beans,16184
corn,16136
extra,16087
fine,15937
fact,15908
href,15873
save,15851
cheese,15845
honey,15717
decided,15677
boxes,15623
recommended,15580
teas,15577
started,15527
absolutely,15479
popcorn,15473
deal,15456
prefer,15444
smooth,15298
house,15222
energy,15209
couple,15007
minutes,14921
cream,14853
works,14663
breakfast,14653
meal,14648
cheaper,14622
wanted,14612
cups,14576
roast,14500
cost,14496
ago,14481
baby,14436
open,14259
kcups,14046
ounce,14044
syrup,13972
read,13969
white,13951
juice,13931
powder,13860
longer,13726
cans,13678
rich,13658
serving,13492
help,13480
meat,13421
month,13367
bold,13355
bread,13328
amazing,13287
pieces,13279
ordering,13176
cookie,13089
red,13079
soft,12984
keurig,12936
fast,12909
weight,12702
week,12679
spicy,12381
soup,12339
fan,12274
side,12218
glad,12218
mouth,12209
quick,12167
second,12051
likes,11745
difference,11664
plastic,11602
online,11591
pasta,11566
starbucks,11554
gift,11509
son,11479
beef,11391
hair,11377
ginger,11321
cinnamon,11285
friends,11123
crunchy,11113
problems,11096
wheat,10970
opened,10965
potato,10958
life,10951
jerky,10937
mixed,10936
brew,10877
kcup,10868
type,10855
ice,10854
cold,10815
feed,10791
canned,10779
market,10770
teeth,10678
dried,10570
version,10558
reason,10554
fiber,10488
easily,10475
nuts,10422
pet,10414
weeks,10364
chew,10333
container,10328
machine,10300
super,10295
formula,10260
aftertaste,10233
salty,10232
enjoyed,10204
cooking,10186
artificial,10184
care,10179
start,10160
yummy,10146
brown,10097
smaller,10057
left,10047
snacks,10017
daughter,10010
guess,10003
cut,10000
french,9939
soy,9917
choice,9892
drinks,9871
place,9828
recipe,9793
course,9769
awesome,9755
night,9741
plain,9727
vet,9726
bowl,9691
ingredient,9680
blue,9666
exactly,9573
alternative,9534
clean,9526
coffees,9510
spice,9479
oatmeal,9458
wife,9402
wrong,9375
original,9371
lemon,9349
daily,9336
single,9330
surprised,9294
aroma,9262
crackers,9223
cocoa,9209
decaf,9206
special,9197
pleased,9190
simply,9154
list,9148
hand,9118
flour,9118
sodium,9093
caffeine,9076
ate,9074
pay,9073
close,9062
color,9031
body,9027
hours,9024
pods,8999
smells,8986
experience,8965
friend,8953
compared,8932
jar,8925
cook,8915
inside,8865
star,8856
almonds,8850
picky,8815
subscribe,8812
mild,8802
heat,8797
finally,8791
huge,8712
hope,8701
flavorful,8699
change,8685
stomach,8674
packs,8671
chip,8659
ground,8622
noticed,8614
feeding,8611
stick,8572
apple,8558
looked,8527
pepper,8515
service,8512
idea,8485
helps,8406
orange,8366
needed,8357
live,8337
soda,8322
expected,8299
fish,8262
bite,8258
delivery,8255
cake,8236
gum,8209
espresso,8106
adding,8106
leave,8083
lots,8080
larger,8048
bottles,8038
instant,8019
leaves,8016
seeds,8015
pound,7963
convenient,7961
completely,7958
fantastic,7942
bulk,7934
noodles,7924
skin,7879
raw,7876
grain,7870
weak,7827
continue,7821
bottom,7817
medium,7801
iced,7799
cheap,7756
takes,7737
mind,7641
packaged,7598
extremely,7580
label,7565
rest,7559
expect,7552
mine,7535
eaten,7535
pot,7533
packages,7494
chewy,7479
healthier,7442
wellness,7437
chai,7385
stock,7384
shipped,7373
filling,7357
true,7334
granola,7331
excited,7321
issues,7307
told,7271
waste,7259
glass,7256
maker,7253
grams,7253
packets,7226
based,7224
opinion,7207
normal,7181
sold,7171
items,7168
note,7079
crunch,7073
calorie,7030
packet,7025
entire,7007
point,6973
thick,6931
count,6926
content,6921
sweetness,6915
carry,6893
today,6850
wait,6843
eats,6839
hint,6763
called,6763
lunch,6726
purchasing,6716
puppy,6715
baking,6704
almond,6700
liquid,6659
mountain,6616
bean,6585
stash,6552
olive,6539
easier,6530
reading,6516
dinner,6512
creamy,6489
difficult,6467
break,6446
benefits,6443
christmas,6437
vitamin,6436
pop,6436
delivered,6422
pure,6416
tiny,6369
sale,6359
decent,6286
varieties,6276
stopped,6245
customer,6243
mint,6225
sweetener,6203
worked,6150
lower,6148
licorice,6146
batch,6144
consistency,6141
loose,6104
remember,6080
total,6055
tuna,6046
